id;name;age;image_url;registered_date
1;Movies vertical;98468;Rico online;2021-04-21
2;purple;43370;Stream;2021-04-21
3;Account Automotive;20626;Mall Supervisor Versatile;2021-04-21
4;Ergonomic object-oriented;57762;Guarani Louisiana structure;2021-04-21
5;IB RSS;10704;cross-platform Administrator Manat;2021-04-21
6;Incredible withdrawal;79224;Steel Bedfordshire Account;2021-04-21
7;Pennsylvania;10494;visionary explicit eco-centric;2021-04-21
8;Northern;16735;service-desk Baby drive;2021-04-21
9;Health Directives;24238;Steel Rubber;2021-04-20
10;Identity Functionality Granite;52276;Trail;2021-04-21
